248,1,828.0,803.0,169.0,132.0,0.84491366147995,-1,-1,-1
249,1,838.0,804.0,179.0,135.0,0.84491366147995,-1,-1,-1
250,1,858.0,802.0,183.0,144.0,0.84491366147995,-1,-1,-1
251,1,873.0,804.0,194.0,148.0,0.84491366147995,-1,-1,-1
252,1,889.0,805.0,203.0,155.0,0.84491366147995,-1,-1,-1
253,1,907.0,810.0,219.0,156.0,0.84491366147995,-1,-1,-1
254,1,923.0,810.0,236.0,169.0,0.84491366147995,-1,-1,-1
255,1,948.0,812.0,244.0,177.0,0.84491366147995,-1,-1,-1
256,1,973.0,817.0,263.0,186.0,0.84491366147995,-1,-1,-1
257,1,999.0,821.0,278.0,196.0,0.84491366147995,-1,-1,-1
258,1,1030.0,826.0,304.0,205.0,0.84491366147995,-1,-1,-1
259,1,1059.0,829.0,326.0,227.0,0.84491366147995,-1,-1,-1
260,1,1090.0,835.0,358.0,239.0,0.84491366147995,-1,-1,-1
261,1,1138.0,838.0,405.0,261.0,0.84491366147995,-1,-1,-1
262,1,1198.0,841.0,443.0,290.0,0.84491366147995,-1,-1,-1
263,1,1244.0,847.0,491.0,319.0,0.84491366147995,-1,-1,-1
264,1,1324.0,859.0,547.0,351.0,0.84491366147995,-1,-1,-1
265,1,1406.0,873.0,635.0,382.0,0.84491366147995,-1,-1,-1
266,1,1506.0,882.0,754.0,441.0,0.84491366147995,-1,-1,-1
729,2,2219.0,684.0,341.0,313.0,0.7311397790908813,-1,-1,-1
730,2,2118.0,671.0,442.0,316.0,0.7311397790908813,-1,-1,-1
731,2,1974.0,650.0,585.0,316.0,0.7311397790908813,-1,-1,-1
732,2,1921.0,650.0,579.0,306.0,0.7311397790908813,-1,-1,-1
733,2,1812.0,654.0,529.0,290.0,0.7311397790908813,-1,-1,-1
734,2,1709.0,661.0,489.0,270.0,0.7311397790908813,-1,-1,-1
735,2,1632.0,665.0,443.0,252.0,0.7311397790908813,-1,-1,-1
736,2,1566.0,667.0,397.0,240.0,0.7311397790908813,-1,-1,-1
737,2,1515.0,669.0,375.0,226.0,0.7311397790908813,-1,-1,-1
738,2,1461.0,675.0,344.0,213.0,0.7311397790908813,-1,-1,-1
739,2,1414.0,680.0,324.0,199.0,0.7311397790908813,-1,-1,-1
740,2,1370.0,686.0,304.0,185.0,0.7311397790908813,-1,-1,-1
741,2,1329.0,686.0,294.0,184.0,0.7311397790908813,-1,-1,-1
742,2,1296.0,687.0,275.0,179.0,0.7311397790908813,-1,-1,-1
743,2,1266.0,692.0,256.0,168.0,0.7311397790908813,-1,-1,-1
744,2,1231.0,698.0,250.0,161.0,0.7311397790908813,-1,-1,-1
745,2,1209.0,699.0,230.0,155.0,0.7311397790908813,-1,-1,-1
746,2,1182.0,703.0,219.0,146.0,0.7311397790908813,-1,-1,-1
741,3,566.0,777.0,100.0,79.0,0.7880604863166809,-1,-1,-1
742,3,570.0,779.0,100.0,79.0,0.7880604863166809,-1,-1,-1
743,3,573.0,781.0,101.0,78.0,0.7880604863166809,-1,-1,-1
744,3,577.0,779.0,104.0,81.0,0.7880604863166809,-1,-1,-1
745,3,584.0,780.0,102.0,79.0,0.7880604863166809,-1,-1,-1
746,3,591.0,777.0,106.0,83.0,0.7880604863166809,-1,-1,-1
747,3,595.0,774.0,110.0,88.0,0.7880604863166809,-1,-1,-1
748,3,601.0,773.0,110.0,89.0,0.7880604863166809,-1,-1,-1
749,3,603.0,773.0,116.0,90.0,0.7880604863166809,-1,-1,-1
750,3,610.0,772.0,113.0,91.0,0.7880604863166809,-1,-1,-1
751,3,617.0,774.0,110.0,88.0,0.7880604863166809,-1,-1,-1
752,3,625.0,775.0,110.0,89.0,0.7880604863166809,-1,-1,-1
753,3,630.0,775.0,112.0,92.0,0.7880604863166809,-1,-1,-1
754,3,635.0,771.0,130.0,97.0,0.7880604863166809,-1,-1,-1
755,3,640.0,763.0,143.0,106.0,0.7880604863166809,-1,-1,-1
756,3,646.0,763.0,143.0,107.0,0.7880604863166809,-1,-1,-1
757,3,654.0,761.0,140.0,107.0,0.7880604863166809,-1,-1,-1
758,3,661.0,760.0,142.0,108.0,0.7880604863166809,-1,-1,-1
759,3,668.0,760.0,144.0,108.0,0.7880604863166809,-1,-1,-1
760,3,677.0,760.0,145.0,111.0,0.7880604863166809,-1,-1,-1
761,3,683.0,763.0,147.0,109.0,0.7880604863166809,-1,-1,-1
764,4,723.0,763.0,141.0,113.0,0.8064092993736267,-1,-1,-1
765,4,724.0,762.0,150.0,116.0,0.8064092993736267,-1,-1,-1
766,4,732.0,762.0,154.0,119.0,0.8064092993736267,-1,-1,-1
767,4,740.0,758.0,156.0,126.0,0.8064092993736267,-1,-1,-1
768,4,748.0,759.0,157.0,125.0,0.8064092993736267,-1,-1,-1
769,4,756.0,754.0,164.0,133.0,0.8064092993736267,-1,-1,-1
770,4,762.0,752.0,170.0,138.0,0.8064092993736267,-1,-1,-1
771,4,773.0,756.0,167.0,136.0,0.8064092993736267,-1,-1,-1
772,4,779.0,757.0,176.0,137.0,0.8064092993736267,-1,-1,-1
773,4,791.0,761.0,176.0,139.0,0.8064092993736267,-1,-1,-1
774,4,801.0,759.0,172.0,140.0,0.8064092993736267,-1,-1,-1
775,4,810.0,763.0,184.0,144.0,0.8064092993736267,-1,-1,-1
776,4,817.0,761.0,186.0,149.0,0.8064092993736267,-1,-1,-1
777,4,824.0,761.0,191.0,153.0,0.8064092993736267,-1,-1,-1
778,4,831.0,760.0,199.0,158.0,0.8064092993736267,-1,-1,-1
779,4,838.0,759.0,203.0,163.0,0.8064092993736267,-1,-1,-1
780,4,845.0,759.0,211.0,167.0,0.8064092993736267,-1,-1,-1
781,4,851.0,764.0,217.0,164.0,0.8064092993736267,-1,-1,-1
782,4,864.0,763.0,215.0,172.0,0.8064092993736267,-1,-1,-1
783,4,874.0,763.0,221.0,178.0,0.8064092993736267,-1,-1,-1
784,4,882.0,766.0,225.0,180.0,0.8064092993736267,-1,-1,-1
785,4,891.0,770.0,233.0,186.0,0.8064092993736267,-1,-1,-1
786,4,895.0,772.0,243.0,188.0,0.8064092993736267,-1,-1,-1
787,4,903.0,770.0,260.0,197.0,0.8064092993736267,-1,-1,-1
788,4,911.0,769.0,269.0,205.0,0.8064092993736267,-1,-1,-1
789,4,920.0,772.0,280.0,211.0,0.8064092993736267,-1,-1,-1
790,4,925.0,773.0,300.0,218.0,0.8064092993736267,-1,-1,-1
791,4,937.0,771.0,306.0,231.0,0.8064092993736267,-1,-1,-1
792,4,956.0,774.0,317.0,230.0,0.8064092993736267,-1,-1,-1
793,4,970.0,772.0,329.0,256.0,0.8064092993736267,-1,-1,-1
794,4,997.0,773.0,338.0,265.0,0.8064092993736267,-1,-1,-1
795,4,1001.0,776.0,366.0,273.0,0.8064092993736267,-1,-1,-1
796,4,1013.0,781.0,386.0,278.0,0.8064092993736267,-1,-1,-1
797,4,1032.0,783.0,404.0,292.0,0.8064092993736267,-1,-1,-1
798,4,1052.0,784.0,419.0,305.0,0.8064092993736267,-1,-1,-1
799,4,1075.0,781.0,460.0,325.0,0.8064092993736267,-1,-1,-1
800,4,1093.0,782.0,487.0,338.0,0.8064092993736267,-1,-1,-1
801,4,1113.0,787.0,512.0,350.0,0.8064092993736267,-1,-1,-1
802,4,1160.0,786.0,545.0,371.0,0.8064092993736267,-1,-1,-1
803,4,1182.0,787.0,581.0,384.0,0.8064092993736267,-1,-1,-1
804,4,1206.0,787.0,615.0,414.0,0.8064092993736267,-1,-1,-1
805,4,1255.0,783.0,675.0,441.0,0.8064092993736267,-1,-1,-1
806,4,1325.0,775.0,738.0,483.0,0.8064092993736267,-1,-1,-1
807,4,1349.0,789.0,802.0,502.0,0.8064092993736267,-1,-1,-1
808,4,1412.0,784.0,891.0,539.0,0.8064092993736267,-1,-1,-1
809,4,1484.0,786.0,1002.0,583.0,0.8064092993736267,-1,-1,-1
810,4,1595.0,778.0,965.0,663.0,0.8064092993736267,-1,-1,-1
811,4,1637.0,771.0,923.0,740.0,0.8064092993736267,-1,-1,-1
812,4,1701.0,783.0,859.0,714.0,0.8064092993736267,-1,-1,-1
813,4,1832.0,811.0,726.0,750.0,0.8064092993736267,-1,-1,-1
814,4,1947.0,850.0,609.0,707.0,0.8064092993736267,-1,-1,-1
815,4,2092.0,866.0,468.0,694.0,0.8064092993736267,-1,-1,-1
816,4,2249.0,849.0,308.0,722.0,0.8064092993736267,-1,-1,-1
811,5,1692.0,655.0,500.0,256.0,0.7426807880401611,-1,-1,-1
812,5,1624.0,658.0,459.0,249.0,0.7426807880401611,-1,-1,-1
813,5,1556.0,661.0,434.0,238.0,0.7426807880401611,-1,-1,-1
814,5,1505.0,666.0,419.0,226.0,0.7426807880401611,-1,-1,-1
815,5,1451.0,670.0,384.0,212.0,0.7426807880401611,-1,-1,-1
816,5,1406.0,676.0,357.0,197.0,0.7426807880401611,-1,-1,-1
817,5,1361.0,678.0,329.0,189.0,0.7426807880401611,-1,-1,-1
818,5,1331.0,680.0,312.0,185.0,0.7426807880401611,-1,-1,-1
819,5,1294.0,680.0,298.0,181.0,0.7426807880401611,-1,-1,-1
820,5,1261.0,689.0,276.0,167.0,0.7426807880401611,-1,-1,-1
821,5,1230.0,692.0,265.0,162.0,0.7426807880401611,-1,-1,-1
822,5,1201.0,692.0,253.0,158.0,0.7426807880401611,-1,-1,-1
823,5,1172.0,695.0,242.0,155.0,0.7426807880401611,-1,-1,-1
824,5,1150.0,698.0,229.0,151.0,0.7426807880401611,-1,-1,-1
825,5,1123.0,703.0,223.0,141.0,0.7426807880401611,-1,-1,-1
826,5,1099.0,705.0,215.0,136.0,0.7426807880401611,-1,-1,-1
827,5,1079.0,706.0,204.0,133.0,0.7426807880401611,-1,-1,-1
828,5,1057.0,707.0,199.0,130.0,0.7426807880401611,-1,-1,-1
829,5,1035.0,711.0,192.0,126.0,0.7426807880401611,-1,-1,-1
830,5,1015.0,712.0,185.0,123.0,0.7426807880401611,-1,-1,-1
831,5,995.0,714.0,177.0,119.0,0.7426807880401611,-1,-1,-1
832,5,978.0,713.0,176.0,119.0,0.7426807880401611,-1,-1,-1
833,5,960.0,715.0,169.0,119.0,0.7426807880401611,-1,-1,-1
834,5,946.0,717.0,164.0,114.0,0.7426807880401611,-1,-1,-1
835,5,928.0,721.0,162.0,111.0,0.7426807880401611,-1,-1,-1
836,5,911.0,723.0,156.0,110.0,0.7426807880401611,-1,-1,-1
837,5,897.0,725.0,152.0,107.0,0.7426807880401611,-1,-1,-1
973,6,394.0,1063.0,650.0,305.0,0.7491159439086914,-1,-1,-1
974,6,415.0,1062.0,630.0,302.0,0.7491159439086914,-1,-1,-1
975,6,491.0,1049.0,601.0,311.0,0.7491159439086914,-1,-1,-1
976,6,493.0,1049.0,613.0,305.0,0.7491159439086914,-1,-1,-1
977,6,504.0,1044.0,616.0,305.0,0.7491159439086914,-1,-1,-1
978,6,514.0,1041.0,633.0,307.0,0.7491159439086914,-1,-1,-1
979,6,535.0,1034.0,636.0,307.0,0.7491159439086914,-1,-1,-1
980,6,554.0,1034.0,626.0,302.0,0.7491159439086914,-1,-1,-1
981,6,607.0,1018.0,632.0,310.0,0.7491159439086914,-1,-1,-1
982,6,632.0,1012.0,619.0,309.0,0.7491159439086914,-1,-1,-1
983,6,652.0,1009.0,618.0,306.0,0.7491159439086914,-1,-1,-1
984,6,679.0,991.0,635.0,314.0,0.7491159439086914,-1,-1,-1
985,6,739.0,984.0,637.0,315.0,0.7491159439086914,-1,-1,-1
986,6,757.0,980.0,640.0,317.0,0.7491159439086914,-1,-1,-1
987,6,783.0,974.0,640.0,320.0,0.7491159439086914,-1,-1,-1
988,6,793.0,972.0,649.0,318.0,0.7491159439086914,-1,-1,-1
989,6,866.0,967.0,648.0,312.0,0.7491159439086914,-1,-1,-1
990,6,874.0,958.0,666.0,322.0,0.7491159439086914,-1,-1,-1
991,6,892.0,952.0,682.0,328.0,0.7491159439086914,-1,-1,-1
992,6,970.0,944.0,680.0,330.0,0.7491159439086914,-1,-1,-1
993,6,985.0,936.0,690.0,342.0,0.7491159439086914,-1,-1,-1
994,6,1007.0,930.0,697.0,354.0,0.7491159439086914,-1,-1,-1
995,6,1016.0,933.0,715.0,355.0,0.7491159439086914,-1,-1,-1
996,6,1089.0,926.0,731.0,374.0,0.7491159439086914,-1,-1,-1
997,6,1120.0,929.0,735.0,382.0,0.7491159439086914,-1,-1,-1
998,6,1186.0,927.0,770.0,404.0,0.7491159439086914,-1,-1,-1
999,6,1203.0,924.0,787.0,430.0,0.7491159439086914,-1,-1,-1
1000,6,1229.0,923.0,805.0,444.0,0.7491159439086914,-1,-1,-1
1001,6,1295.0,929.0,846.0,467.0,0.7491159439086914,-1,-1,-1
1002,6,1326.0,929.0,874.0,491.0,0.7491159439086914,-1,-1,-1
1003,6,1400.0,930.0,930.0,521.0,0.7491159439086914,-1,-1,-1
1004,6,1455.0,933.0,1008.0,552.0,0.7491159439086914,-1,-1,-1
1005,6,1501.0,935.0,1027.0,585.0,0.7491159439086914,-1,-1,-1
1006,6,1584.0,946.0,976.0,625.0,0.7491159439086914,-1,-1,-1
1007,6,1627.0,945.0,933.0,656.0,0.7491159439086914,-1,-1,-1
1008,6,1691.0,962.0,869.0,690.0,0.7491159439086914,-1,-1,-1
1009,6,1753.0,970.0,807.0,675.0,0.7491159439086914,-1,-1,-1
1010,6,1868.0,984.0,691.0,714.0,0.7491159439086914,-1,-1,-1
1011,6,1952.0,1002.0,607.0,721.0,0.7491159439086914,-1,-1,-1
1012,6,2094.0,1016.0,466.0,726.0,0.7491159439086914,-1,-1,-1
1013,6,2182.0,1053.0,378.0,622.0,0.7491159439086914,-1,-1,-1
1089,7,2349.0,627.0,211.0,428.0,0.7745062708854675,-1,-1,-1
1090,7,2206.0,605.0,354.0,468.0,0.7745062708854675,-1,-1,-1
1091,7,2145.0,582.0,414.0,455.0,0.7745062708854675,-1,-1,-1
1092,7,2087.0,510.0,469.0,499.0,0.7745062708854675,-1,-1,-1
1093,7,1951.0,553.0,605.0,461.0,0.7745062708854675,-1,-1,-1
1094,7,1899.0,564.0,658.0,434.0,0.7745062708854675,-1,-1,-1
1095,7,1853.0,576.0,702.0,402.0,0.7745062708854675,-1,-1,-1
1096,7,1754.0,579.0,730.0,389.0,0.7745062708854675,-1,-1,-1
1097,7,1685.0,578.0,667.0,368.0,0.7745062708854675,-1,-1,-1
1098,7,1648.0,582.0,631.0,356.0,0.7745062708854675,-1,-1,-1
1099,7,1593.0,590.0,584.0,338.0,0.7745062708854675,-1,-1,-1
1100,7,1566.0,597.0,539.0,321.0,0.7745062708854675,-1,-1,-1
1101,7,1510.0,604.0,508.0,303.0,0.7745062708854675,-1,-1,-1
1102,7,1486.0,608.0,478.0,294.0,0.7745062708854675,-1,-1,-1
1103,7,1456.0,616.0,459.0,280.0,0.7745062708854675,-1,-1,-1
1104,7,1411.0,623.0,433.0,266.0,0.7745062708854675,-1,-1,-1
1105,7,1384.0,624.0,419.0,261.0,0.7745062708854675,-1,-1,-1
1106,7,1360.0,630.0,392.0,250.0,0.7745062708854675,-1,-1,-1
1107,7,1328.0,637.0,377.0,231.0,0.7745062708854675,-1,-1,-1
1108,7,1305.0,637.0,362.0,228.0,0.7745062708854675,-1,-1,-1
1109,7,1277.0,641.0,348.0,220.0,0.7745062708854675,-1,-1,-1
1110,7,1260.0,644.0,331.0,212.0,0.7745062708854675,-1,-1,-1
1111,7,1233.0,649.0,318.0,204.0,0.7745062708854675,-1,-1,-1
1112,7,1216.0,650.0,311.0,199.0,0.7745062708854675,-1,-1,-1
1113,7,1196.0,654.0,304.0,192.0,0.7745062708854675,-1,-1,-1
1114,7,1174.0,657.0,291.0,188.0,0.7745062708854675,-1,-1,-1
1115,7,1156.0,659.0,281.0,183.0,0.7745062708854675,-1,-1,-1
1116,7,1137.0,663.0,263.0,177.0,0.7745062708854675,-1,-1,-1
1117,7,1118.0,667.0,268.0,172.0,0.7745062708854675,-1,-1,-1
1118,7,1102.0,670.0,257.0,167.0,0.7745062708854675,-1,-1,-1
1119,7,1087.0,672.0,252.0,164.0,0.7745062708854675,-1,-1,-1
1120,7,1071.0,674.0,245.0,159.0,0.7745062708854675,-1,-1,-1
1121,7,1057.0,677.0,238.0,156.0,0.7745062708854675,-1,-1,-1
1122,7,1046.0,678.0,229.0,154.0,0.7745062708854675,-1,-1,-1
1123,7,1027.0,680.0,227.0,152.0,0.7745062708854675,-1,-1,-1
1124,7,1015.0,679.0,222.0,151.0,0.7745062708854675,-1,-1,-1
1125,7,1001.0,682.0,218.0,148.0,0.7745062708854675,-1,-1,-1
1126,7,983.0,683.0,223.0,147.0,0.7745062708854675,-1,-1,-1
1127,7,971.0,686.0,212.0,141.0,0.7745062708854675,-1,-1,-1
1128,7,962.0,686.0,207.0,140.0,0.7745062708854675,-1,-1,-1
1129,7,951.0,688.0,199.0,138.0,0.7745062708854675,-1,-1,-1
1130,7,941.0,692.0,195.0,134.0,0.7745062708854675,-1,-1,-1
1131,7,933.0,695.0,191.0,131.0,0.7745062708854675,-1,-1,-1
1132,7,921.0,696.0,186.0,132.0,0.7745062708854675,-1,-1,-1
1133,7,907.0,695.0,188.0,132.0,0.7745062708854675,-1,-1,-1
1134,7,898.0,698.0,180.0,131.0,0.7745062708854675,-1,-1,-1
1135,7,888.0,700.0,176.0,129.0,0.7745062708854675,-1,-1,-1
1136,7,878.0,702.0,176.0,127.0,0.7745062708854675,-1,-1,-1
1138,8,857.0,707.0,172.0,125.0,0.7011195421218872,-1,-1,-1
1139,8,850.0,709.0,171.0,122.0,0.7011195421218872,-1,-1,-1
1140,8,839.0,707.0,165.0,125.0,0.7011195421218872,-1,-1,-1
1141,8,828.0,711.0,168.0,121.0,0.7011195421218872,-1,-1,-1
1142,8,823.0,715.0,159.0,115.0,0.7011195421218872,-1,-1,-1
1143,8,815.0,716.0,153.0,116.0,0.7011195421218872,-1,-1,-1
1144,8,805.0,719.0,153.0,115.0,0.7011195421218872,-1,-1,-1
1145,8,797.0,722.0,152.0,112.0,0.7011195421218872,-1,-1,-1
1146,8,789.0,724.0,149.0,109.0,0.7011195421218872,-1,-1,-1
1147,8,782.0,723.0,148.0,110.0,0.7011195421218872,-1,-1,-1
1148,8,775.0,728.0,145.0,104.0,0.7011195421218872,-1,-1,-1
1149,8,767.0,728.0,143.0,104.0,0.7011195421218872,-1,-1,-1
1150,8,758.0,729.0,140.0,103.0,0.7011195421218872,-1,-1,-1
1151,8,751.0,731.0,141.0,102.0,0.7011195421218872,-1,-1,-1
1152,8,742.0,731.0,142.0,105.0,0.7011195421218872,-1,-1,-1
1153,8,735.0,734.0,139.0,101.0,0.7011195421218872,-1,-1,-1
1154,8,730.0,735.0,136.0,100.0,0.7011195421218872,-1,-1,-1
1155,8,723.0,733.0,136.0,103.0,0.7011195421218872,-1,-1,-1
1156,8,716.0,736.0,134.0,100.0,0.7011195421218872,-1,-1,-1
1157,8,712.0,738.0,130.0,98.0,0.7011195421218872,-1,-1,-1
1158,8,711.0,739.0,124.0,97.0,0.7011195421218872,-1,-1,-1
1141,9,2339.0,724.0,221.0,294.0,0.8124834299087524,-1,-1,-1
1142,9,2208.0,691.0,352.0,324.0,0.8124834299087524,-1,-1,-1
1143,9,2124.0,669.0,436.0,329.0,0.8124834299087524,-1,-1,-1
1144,9,1996.0,661.0,563.0,332.0,0.8124834299087524,-1,-1,-1
1145,9,1949.0,660.0,608.0,324.0,0.8124834299087524,-1,-1,-1
1146,9,1891.0,663.0,654.0,310.0,0.8124834299087524,-1,-1,-1
1147,9,1794.0,663.0,622.0,298.0,0.8124834299087524,-1,-1,-1
1148,9,1708.0,670.0,590.0,284.0,0.8124834299087524,-1,-1,-1
1149,9,1686.0,671.0,540.0,272.0,0.8124834299087524,-1,-1,-1
1150,9,1618.0,673.0,504.0,262.0,0.8124834299087524,-1,-1,-1
1151,9,1584.0,674.0,493.0,252.0,0.8124834299087524,-1,-1,-1
1152,9,1525.0,676.0,453.0,244.0,0.8124834299087524,-1,-1,-1
1153,9,1498.0,678.0,429.0,233.0,0.8124834299087524,-1,-1,-1
1154,9,1450.0,682.0,399.0,224.0,0.8124834299087524,-1,-1,-1
1155,9,1421.0,685.0,386.0,212.0,0.8124834299087524,-1,-1,-1
1156,9,1400.0,687.0,362.0,205.0,0.8124834299087524,-1,-1,-1
1157,9,1373.0,686.0,354.0,202.0,0.8124834299087524,-1,-1,-1
1158,9,1340.0,696.0,328.0,182.0,0.8124834299087524,-1,-1,-1
1159,9,1315.0,693.0,323.0,183.0,0.8124834299087524,-1,-1,-1
1160,9,1295.0,697.0,304.0,176.0,0.8124834299087524,-1,-1,-1
1161,9,1277.0,696.0,288.0,174.0,0.8124834299087524,-1,-1,-1
1162,9,1257.0,702.0,272.0,166.0,0.8124834299087524,-1,-1,-1
1163,9,1239.0,701.0,265.0,163.0,0.8124834299087524,-1,-1,-1
1164,9,1223.0,701.0,257.0,162.0,0.8124834299087524,-1,-1,-1
1165,9,1213.0,702.0,247.0,156.0,0.8124834299087524,-1,-1,-1
1166,9,1209.0,700.0,223.0,156.0,0.8124834299087524,-1,-1,-1
1167,9,1199.0,702.0,215.0,149.0,0.8124834299087524,-1,-1,-1
1168,9,1196.0,698.0,202.0,149.0,0.8124834299087524,-1,-1,-1
1212,10,2254.0,692.0,306.0,327.0,0.7470082640647888,-1,-1,-1
1213,10,2212.0,651.0,348.0,367.0,0.7470082640647888,-1,-1,-1
1214,10,2140.0,637.0,420.0,365.0,0.7470082640647888,-1,-1,-1
1215,10,1997.0,620.0,557.0,368.0,0.7470082640647888,-1,-1,-1
1216,10,1969.0,594.0,589.0,384.0,0.7470082640647888,-1,-1,-1
1217,10,1915.0,605.0,639.0,367.0,0.7470082640647888,-1,-1,-1
1218,10,1816.0,612.0,634.0,343.0,0.7470082640647888,-1,-1,-1
1219,10,1790.0,615.0,581.0,332.0,0.7470082640647888,-1,-1,-1
1220,10,1710.0,619.0,544.0,320.0,0.7470082640647888,-1,-1,-1
1221,10,1642.0,627.0,503.0,305.0,0.7470082640647888,-1,-1,-1
1222,10,1616.0,633.0,476.0,291.0,0.7470082640647888,-1,-1,-1
1223,10,1578.0,637.0,464.0,278.0,0.7470082640647888,-1,-1,-1
1224,10,1525.0,641.0,429.0,269.0,0.7470082640647888,-1,-1,-1
1225,10,1492.0,648.0,414.0,253.0,0.7470082640647888,-1,-1,-1
1226,10,1442.0,649.0,393.0,246.0,0.7470082640647888,-1,-1,-1
1227,10,1413.0,655.0,371.0,235.0,0.7470082640647888,-1,-1,-1
1228,10,1381.0,649.0,353.0,234.0,0.7470082640647888,-1,-1,-1
1229,10,1352.0,654.0,335.0,222.0,0.7470082640647888,-1,-1,-1
1230,10,1323.0,658.0,329.0,216.0,0.7470082640647888,-1,-1,-1
1231,10,1296.0,661.0,313.0,210.0,0.7470082640647888,-1,-1,-1
1232,10,1273.0,663.0,296.0,205.0,0.7470082640647888,-1,-1,-1
1233,10,1250.0,667.0,283.0,195.0,0.7470082640647888,-1,-1,-1
1234,10,1222.0,671.0,277.0,190.0,0.7470082640647888,-1,-1,-1
1235,10,1200.0,673.0,268.0,187.0,0.7470082640647888,-1,-1,-1
1236,10,1177.0,675.0,259.0,183.0,0.7470082640647888,-1,-1,-1
1262,11,700.0,776.0,153.0,118.0,0.8245428204536438,-1,-1,-1
1263,11,706.0,778.0,158.0,116.0,0.8245428204536438,-1,-1,-1
1264,11,711.0,775.0,161.0,122.0,0.8245428204536438,-1,-1,-1
1265,11,720.0,775.0,166.0,124.0,0.8245428204536438,-1,-1,-1
1266,11,736.0,776.0,155.0,125.0,0.8245428204536438,-1,-1,-1
1267,11,745.0,771.0,158.0,131.0,0.8245428204536438,-1,-1,-1
1268,11,756.0,776.0,161.0,128.0,0.8245428204536438,-1,-1,-1
1269,11,767.0,776.0,165.0,131.0,0.8245428204536438,-1,-1,-1
1270,11,773.0,775.0,170.0,135.0,0.8245428204536438,-1,-1,-1
1271,11,781.0,774.0,177.0,141.0,0.8245428204536438,-1,-1,-1
1272,11,792.0,770.0,180.0,146.0,0.8245428204536438,-1,-1,-1
1273,11,799.0,770.0,188.0,149.0,0.8245428204536438,-1,-1,-1
1274,11,812.0,772.0,196.0,152.0,0.8245428204536438,-1,-1,-1
1275,11,821.0,772.0,200.0,157.0,0.8245428204536438,-1,-1,-1
1276,11,832.0,769.0,206.0,165.0,0.8245428204536438,-1,-1,-1
1277,11,840.0,771.0,215.0,165.0,0.8245428204536438,-1,-1,-1
1278,11,856.0,774.0,220.0,167.0,0.8245428204536438,-1,-1,-1
1279,11,867.0,774.0,225.0,172.0,0.8245428204536438,-1,-1,-1
1280,11,878.0,774.0,230.0,178.0,0.8245428204536438,-1,-1,-1
1281,11,891.0,773.0,240.0,183.0,0.8245428204536438,-1,-1,-1
1282,11,903.0,773.0,255.0,189.0,0.8245428204536438,-1,-1,-1
1283,11,916.0,775.0,261.0,196.0,0.8245428204536438,-1,-1,-1
1284,11,927.0,773.0,277.0,208.0,0.8245428204536438,-1,-1,-1
1285,11,937.0,772.0,288.0,217.0,0.8245428204536438,-1,-1,-1
1286,11,963.0,772.0,293.0,226.0,0.8245428204536438,-1,-1,-1
1287,11,974.0,773.0,312.0,237.0,0.8245428204536438,-1,-1,-1
1288,11,997.0,779.0,328.0,245.0,0.8245428204536438,-1,-1,-1
1289,11,1015.0,777.0,342.0,258.0,0.8245428204536438,-1,-1,-1
1290,11,1034.0,783.0,370.0,271.0,0.8245428204536438,-1,-1,-1
1291,11,1057.0,789.0,382.0,278.0,0.8245428204536438,-1,-1,-1
1292,11,1088.0,786.0,427.0,301.0,0.8245428204536438,-1,-1,-1
1293,11,1111.0,790.0,437.0,311.0,0.8245428204536438,-1,-1,-1
1294,11,1139.0,796.0,468.0,328.0,0.8245428204536438,-1,-1,-1
1295,11,1180.0,799.0,505.0,348.0,0.8245428204536438,-1,-1,-1
1296,11,1217.0,797.0,542.0,382.0,0.8245428204536438,-1,-1,-1
1297,11,1266.0,803.0,589.0,407.0,0.8245428204536438,-1,-1,-1
1298,11,1305.0,798.0,646.0,441.0,0.8245428204536438,-1,-1,-1
1299,11,1372.0,805.0,722.0,481.0,0.8245428204536438,-1,-1,-1
1300,11,1439.0,807.0,836.0,537.0,0.8245428204536438,-1,-1,-1
1301,11,1518.0,811.0,953.0,599.0,0.8245428204536438,-1,-1,-1
1302,11,1616.0,809.0,944.0,674.0,0.8245428204536438,-1,-1,-1
1303,11,1714.0,830.0,846.0,742.0,0.8245428204536438,-1,-1,-1
1304,11,1851.0,850.0,709.0,780.0,0.8245428204536438,-1,-1,-1
1305,11,2004.0,859.0,556.0,785.0,0.8245428204536438,-1,-1,-1
1655,12,859.0,784.0,202.0,150.0,0.813814103603363,-1,-1,-1
1656,12,877.0,781.0,202.0,159.0,0.813814103603363,-1,-1,-1
1657,12,893.0,781.0,207.0,167.0,0.813814103603363,-1,-1,-1
1658,12,906.0,783.0,218.0,173.0,0.813814103603363,-1,-1,-1
1659,12,922.0,786.0,237.0,175.0,0.813814103603363,-1,-1,-1
1660,12,936.0,789.0,253.0,182.0,0.813814103603363,-1,-1,-1
1661,12,958.0,789.0,262.0,191.0,0.813814103603363,-1,-1,-1
1662,12,978.0,792.0,276.0,200.0,0.813814103603363,-1,-1,-1
1663,12,1002.0,797.0,287.0,206.0,0.813814103603363,-1,-1,-1
1664,12,1033.0,798.0,313.0,216.0,0.813814103603363,-1,-1,-1
1665,12,1060.0,800.0,341.0,232.0,0.813814103603363,-1,-1,-1
1666,12,1086.0,803.0,361.0,246.0,0.813814103603363,-1,-1,-1
1667,12,1137.0,807.0,401.0,271.0,0.813814103603363,-1,-1,-1
1668,12,1170.0,808.0,430.0,290.0,0.813814103603363,-1,-1,-1
1669,12,1220.0,804.0,486.0,321.0,0.813814103603363,-1,-1,-1
1670,12,1292.0,807.0,530.0,350.0,0.813814103603363,-1,-1,-1
1671,12,1335.0,814.0,602.0,375.0,0.813814103603363,-1,-1,-1
1672,12,1428.0,825.0,671.0,412.0,0.813814103603363,-1,-1,-1
1673,12,1549.0,823.0,801.0,475.0,0.813814103603363,-1,-1,-1
1674,12,1670.0,826.0,890.0,541.0,0.813814103603363,-1,-1,-1
1675,12,1824.0,828.0,736.0,630.0,0.813814103603363,-1,-1,-1
1676,12,1990.0,891.0,561.0,602.0,0.813814103603363,-1,-1,-1
1677,12,2219.0,866.0,338.0,645.0,0.813814103603363,-1,-1,-1
1813,13,920.0,788.0,251.0,199.0,0.7096798419952393,-1,-1,-1
1814,13,936.0,788.0,271.0,210.0,0.7096798419952393,-1,-1,-1
1815,13,960.0,790.0,283.0,224.0,0.7096798419952393,-1,-1,-1
1816,13,987.0,790.0,298.0,234.0,0.7096798419952393,-1,-1,-1
1817,13,1012.0,794.0,325.0,240.0,0.7096798419952393,-1,-1,-1
1818,13,1042.0,800.0,344.0,248.0,0.7096798419952393,-1,-1,-1
1819,13,1076.0,807.0,370.0,277.0,0.7096798419952393,-1,-1,-1
1820,13,1110.0,801.0,415.0,306.0,0.7096798419952393,-1,-1,-1
1821,13,1154.0,807.0,439.0,321.0,0.7096798419952393,-1,-1,-1
1822,13,1200.0,807.0,505.0,362.0,0.7096798419952393,-1,-1,-1
1823,13,1284.0,809.0,548.0,396.0,0.7096798419952393,-1,-1,-1
1824,13,1325.0,819.0,625.0,439.0,0.7096798419952393,-1,-1,-1
1825,13,1410.0,822.0,709.0,496.0,0.7096798419952393,-1,-1,-1
2125,14,2348.0,658.0,212.0,371.0,0.8150030374526978,-1,-1,-1
2126,14,2218.0,623.0,342.0,388.0,0.8150030374526978,-1,-1,-1
2127,14,2158.0,609.0,402.0,384.0,0.8150030374526978,-1,-1,-1
2128,14,2010.0,620.0,542.0,367.0,0.8150030374526978,-1,-1,-1
2129,14,1969.0,591.0,585.0,387.0,0.8150030374526978,-1,-1,-1
2130,14,1910.0,592.0,643.0,370.0,0.8150030374526978,-1,-1,-1
2131,14,1824.0,600.0,634.0,354.0,0.8150030374526978,-1,-1,-1
2132,14,1783.0,607.0,590.0,335.0,0.8150030374526978,-1,-1,-1
2133,14,1714.0,602.0,556.0,325.0,0.8150030374526978,-1,-1,-1
2134,14,1651.0,623.0,497.0,301.0,0.8150030374526978,-1,-1,-1
2135,14,1620.0,614.0,473.0,297.0,0.8150030374526978,-1,-1,-1
2136,14,1583.0,620.0,444.0,283.0,0.8150030374526978,-1,-1,-1
2137,14,1533.0,626.0,427.0,270.0,0.8150030374526978,-1,-1,-1
2138,14,1490.0,631.0,411.0,260.0,0.8150030374526978,-1,-1,-1
2139,14,1458.0,635.0,382.0,248.0,0.8150030374526978,-1,-1,-1
2140,14,1421.0,639.0,370.0,240.0,0.8150030374526978,-1,-1,-1
2141,14,1390.0,645.0,356.0,228.0,0.8150030374526978,-1,-1,-1
2142,14,1360.0,648.0,335.0,218.0,0.8150030374526978,-1,-1,-1
2143,14,1342.0,653.0,324.0,211.0,0.8150030374526978,-1,-1,-1
2144,14,1318.0,653.0,308.0,208.0,0.8150030374526978,-1,-1,-1
2145,14,1291.0,657.0,294.0,201.0,0.8150030374526978,-1,-1,-1
2146,14,1276.0,657.0,280.0,195.0,0.8150030374526978,-1,-1,-1
2147,14,1245.0,660.0,275.0,192.0,0.8150030374526978,-1,-1,-1
2148,14,1223.0,664.0,269.0,185.0,0.8150030374526978,-1,-1,-1
2149,14,1203.0,665.0,258.0,182.0,0.8150030374526978,-1,-1,-1
2150,14,1183.0,671.0,249.0,174.0,0.8150030374526978,-1,-1,-1
2151,14,1169.0,676.0,239.0,166.0,0.8150030374526978,-1,-1,-1
2152,14,1150.0,678.0,230.0,164.0,0.8150030374526978,-1,-1,-1
2153,14,1131.0,681.0,226.0,159.0,0.8150030374526978,-1,-1,-1
2154,14,1115.0,680.0,220.0,157.0,0.8150030374526978,-1,-1,-1
2155,14,1098.0,682.0,213.0,153.0,0.8150030374526978,-1,-1,-1
2156,14,1085.0,680.0,208.0,153.0,0.8150030374526978,-1,-1,-1
2157,14,1072.0,684.0,203.0,149.0,0.8150030374526978,-1,-1,-1
2158,14,1057.0,686.0,200.0,146.0,0.8150030374526978,-1,-1,-1
2159,14,1043.0,691.0,189.0,137.0,0.8150030374526978,-1,-1,-1
2160,14,1029.0,693.0,186.0,135.0,0.8150030374526978,-1,-1,-1
2161,14,1013.0,692.0,186.0,135.0,0.8150030374526978,-1,-1,-1
2162,14,1005.0,692.0,176.0,133.0,0.8150030374526978,-1,-1,-1
2163,14,989.0,695.0,176.0,129.0,0.8150030374526978,-1,-1,-1
2164,14,976.0,697.0,174.0,126.0,0.8150030374526978,-1,-1,-1
2165,14,965.0,697.0,170.0,127.0,0.8150030374526978,-1,-1,-1
2166,14,955.0,699.0,165.0,125.0,0.8150030374526978,-1,-1,-1
2167,14,946.0,702.0,160.0,121.0,0.8150030374526978,-1,-1,-1
2168,14,931.0,704.0,159.0,120.0,0.8150030374526978,-1,-1,-1
2169,14,921.0,706.0,157.0,119.0,0.8150030374526978,-1,-1,-1
2179,15,819.0,726.0,134.0,103.0,0.7632102370262146,-1,-1,-1
2180,15,807.0,728.0,134.0,103.0,0.7632102370262146,-1,-1,-1
2181,15,797.0,731.0,133.0,99.0,0.7632102370262146,-1,-1,-1
2182,15,788.0,732.0,134.0,98.0,0.7632102370262146,-1,-1,-1
2183,15,779.0,732.0,133.0,99.0,0.7632102370262146,-1,-1,-1
2184,15,771.0,731.0,132.0,101.0,0.7632102370262146,-1,-1,-1
2185,15,763.0,734.0,126.0,96.0,0.7632102370262146,-1,-1,-1
2186,15,754.0,736.0,123.0,95.0,0.7632102370262146,-1,-1,-1
2187,15,747.0,740.0,120.0,91.0,0.7632102370262146,-1,-1,-1
2188,15,738.0,741.0,119.0,90.0,0.7632102370262146,-1,-1,-1
2189,15,731.0,741.0,117.0,90.0,0.7632102370262146,-1,-1,-1
2190,15,724.0,743.0,116.0,89.0,0.7632102370262146,-1,-1,-1
2191,15,718.0,743.0,113.0,88.0,0.7632102370262146,-1,-1,-1
2281,16,819.0,802.0,170.0,147.0,0.7895141243934631,-1,-1,-1
2282,16,833.0,804.0,173.0,150.0,0.7895141243934631,-1,-1,-1
2283,16,844.0,806.0,183.0,158.0,0.7895141243934631,-1,-1,-1
2284,16,858.0,809.0,187.0,160.0,0.7895141243934631,-1,-1,-1
2285,16,870.0,811.0,198.0,167.0,0.7895141243934631,-1,-1,-1
2286,16,882.0,817.0,212.0,171.0,0.7895141243934631,-1,-1,-1
2287,16,898.0,820.0,220.0,178.0,0.7895141243934631,-1,-1,-1
2288,16,918.0,827.0,232.0,179.0,0.7895141243934631,-1,-1,-1
2289,16,934.0,828.0,248.0,191.0,0.7895141243934631,-1,-1,-1
2290,16,960.0,836.0,258.0,196.0,0.7895141243934631,-1,-1,-1
2291,16,981.0,841.0,267.0,207.0,0.7895141243934631,-1,-1,-1
2292,16,1007.0,846.0,277.0,218.0,0.7895141243934631,-1,-1,-1
2293,16,1036.0,853.0,319.0,235.0,0.7895141243934631,-1,-1,-1
2294,16,1068.0,855.0,348.0,257.0,0.7895141243934631,-1,-1,-1
2295,16,1107.0,862.0,377.0,274.0,0.7895141243934631,-1,-1,-1
2296,16,1152.0,868.0,405.0,293.0,0.7895141243934631,-1,-1,-1
2297,16,1209.0,881.0,459.0,325.0,0.7895141243934631,-1,-1,-1
2298,16,1270.0,895.0,489.0,351.0,0.7895141243934631,-1,-1,-1
2299,16,1332.0,897.0,594.0,402.0,0.7895141243934631,-1,-1,-1
2300,16,1418.0,900.0,680.0,465.0,0.7895141243934631,-1,-1,-1
2301,17,1549.0,913.0,820.0,538.0,0.7610777616500854,-1,-1,-1
2302,17,1684.0,937.0,876.0,627.0,0.7610777616500854,-1,-1,-1
2303,17,1868.0,968.0,689.0,707.0,0.7610777616500854,-1,-1,-1
2304,17,2107.0,1012.0,453.0,717.0,0.7610777616500854,-1,-1,-1
2363,18,2212.0,672.0,348.0,321.0,0.75106281042099,-1,-1,-1
2364,18,2097.0,656.0,463.0,334.0,0.75106281042099,-1,-1,-1
2365,18,1939.0,645.0,619.0,327.0,0.75106281042099,-1,-1,-1
2366,19,1621.0,664.0,511.0,265.0,0.7656461000442505,-1,-1,-1
2367,19,1548.0,668.0,457.0,244.0,0.7656461000442505,-1,-1,-1
2368,19,1494.0,671.0,421.0,233.0,0.7656461000442505,-1,-1,-1
2369,19,1433.0,677.0,390.0,218.0,0.7656461000442505,-1,-1,-1
2370,19,1386.0,679.0,356.0,206.0,0.7656461000442505,-1,-1,-1
2371,19,1345.0,687.0,331.0,189.0,0.7656461000442505,-1,-1,-1
2372,19,1308.0,685.0,313.0,186.0,0.7656461000442505,-1,-1,-1
2373,19,1278.0,690.0,283.0,175.0,0.7656461000442505,-1,-1,-1
2374,19,1243.0,694.0,275.0,169.0,0.7656461000442505,-1,-1,-1
2375,19,1214.0,695.0,263.0,164.0,0.7656461000442505,-1,-1,-1
2376,19,1190.0,696.0,243.0,158.0,0.7656461000442505,-1,-1,-1
2377,19,1170.0,701.0,230.0,147.0,0.7656461000442505,-1,-1,-1
2378,19,1144.0,704.0,219.0,141.0,0.7656461000442505,-1,-1,-1
2379,19,1125.0,705.0,212.0,136.0,0.7656461000442505,-1,-1,-1
2380,19,1103.0,704.0,206.0,136.0,0.7656461000442505,-1,-1,-1
2381,19,1087.0,705.0,197.0,131.0,0.7656461000442505,-1,-1,-1
2382,19,1070.0,708.0,190.0,127.0,0.7656461000442505,-1,-1,-1
2383,19,1051.0,708.0,184.0,126.0,0.7656461000442505,-1,-1,-1
2384,19,1034.0,709.0,180.0,123.0,0.7656461000442505,-1,-1,-1
2385,19,1017.0,709.0,179.0,121.0,0.7656461000442505,-1,-1,-1
2387,20,720.0,775.0,145.0,120.0,0.7779344320297241,-1,-1,-1
2388,20,731.0,777.0,147.0,121.0,0.7779344320297241,-1,-1,-1
2389,20,742.0,777.0,147.0,122.0,0.7779344320297241,-1,-1,-1
2390,20,748.0,777.0,150.0,122.0,0.7779344320297241,-1,-1,-1
2391,20,756.0,776.0,148.0,124.0,0.7779344320297241,-1,-1,-1
2392,20,764.0,776.0,158.0,129.0,0.7779344320297241,-1,-1,-1
2393,20,772.0,775.0,163.0,132.0,0.7779344320297241,-1,-1,-1
2394,20,785.0,777.0,162.0,133.0,0.7779344320297241,-1,-1,-1
2395,20,795.0,777.0,164.0,134.0,0.7779344320297241,-1,-1,-1
2396,20,805.0,779.0,166.0,136.0,0.7779344320297241,-1,-1,-1
2397,20,815.0,782.0,172.0,139.0,0.7779344320297241,-1,-1,-1
2398,20,828.0,784.0,174.0,138.0,0.7779344320297241,-1,-1,-1
2399,20,838.0,783.0,185.0,148.0,0.7779344320297241,-1,-1,-1
2400,20,844.0,783.0,195.0,154.0,0.7779344320297241,-1,-1,-1
2401,20,855.0,783.0,200.0,158.0,0.7779344320297241,-1,-1,-1
2402,20,867.0,785.0,205.0,162.0,0.7779344320297241,-1,-1,-1
2403,20,878.0,785.0,210.0,168.0,0.7779344320297241,-1,-1,-1
2404,20,891.0,787.0,217.0,170.0,0.7779344320297241,-1,-1,-1
2405,20,904.0,788.0,221.0,176.0,0.7779344320297241,-1,-1,-1
2406,20,920.0,793.0,233.0,182.0,0.7779344320297241,-1,-1,-1
2407,20,929.0,791.0,247.0,191.0,0.7779344320297241,-1,-1,-1
2408,20,943.0,795.0,258.0,196.0,0.7779344320297241,-1,-1,-1
2409,20,968.0,799.0,264.0,205.0,0.7779344320297241,-1,-1,-1
2410,20,983.0,800.0,277.0,216.0,0.7779344320297241,-1,-1,-1
2411,20,1002.0,803.0,283.0,222.0,0.7779344320297241,-1,-1,-1
2412,20,1022.0,807.0,312.0,232.0,0.7779344320297241,-1,-1,-1
2413,20,1047.0,814.0,331.0,244.0,0.7779344320297241,-1,-1,-1
2414,20,1074.0,815.0,352.0,266.0,0.7779344320297241,-1,-1,-1
2415,20,1107.0,815.0,390.0,282.0,0.7779344320297241,-1,-1,-1
